Package,Version,kind,href
BoolNet,2.1.9,musl,https://raw.githubusercontent.com/bastistician/Rcheck/refs/heads/results/musl/issues/BoolNet.out
DER,1.3,musl,https://raw.githubusercontent.com/bastistician/Rcheck/refs/heads/results/musl/issues/DER.out
FLSSS,9.2.8,musl,https://raw.githubusercontent.com/bastistician/Rcheck/refs/heads/results/musl/issues/FLSSS.out
GENLIB,1.1.10,musl,https://raw.githubusercontent.com/bastistician/Rcheck/refs/heads/results/musl/issues/GENLIB.out
GenomeAdmixR,2.1.12,musl,https://raw.githubusercontent.com/bastistician/Rcheck/refs/heads/results/musl/issues/GenomeAdmixR.out
enerscape,1.2.0,musl,https://raw.githubusercontent.com/bastistician/Rcheck/refs/heads/results/musl/issues/enerscape.out
evesim,1.0.0,musl,https://raw.githubusercontent.com/bastistician/Rcheck/refs/heads/results/musl/issues/evesim.out
jrSiCKLSNMF,1.2.3,musl,https://raw.githubusercontent.com/bastistician/Rcheck/refs/heads/results/musl/issues/jrSiCKLSNMF.out
junctions,2.1.3,musl,https://raw.githubusercontent.com/bastistician/Rcheck/refs/heads/results/musl/issues/junctions.out
minired,1.0.1,musl,https://raw.githubusercontent.com/bastistician/Rcheck/refs/heads/results/musl/issues/minired.out
phonics,1.3.10,musl,https://raw.githubusercontent.com/bastistician/Rcheck/refs/heads/results/musl/issues/phonics.out
rgeoda,0.1.0,musl,https://raw.githubusercontent.com/bastistician/Rcheck/refs/heads/results/musl/issues/rgeoda.out
sarsop,0.6.16,musl,https://raw.githubusercontent.com/bastistician/Rcheck/refs/heads/results/musl/issues/sarsop.out
secsse,3.5.0,musl,https://raw.githubusercontent.com/bastistician/Rcheck/refs/heads/results/musl/issues/secsse.out
tiledb,0.33.0,musl,https://raw.githubusercontent.com/bastistician/Rcheck/refs/heads/results/musl/issues/tiledb.out
